Mohamed Light,G9YV9GR8R
LucasXGamer, 9G28ULYR
Sandbox,Y022GRCJQ
Ryley,R90PRV0PY
Mugi,2CLV2RP0
Samuel Bassotto,PCJ29YJJ
Pedro,RJ88Y8U08
Vitor75,8LJ92G8UG
Ardentoas,RP0L2Y8C9
Pandora,88RUCCQLC
Morten,R09228V
Adriel,9CPCC890
Airsurfer,P8VUY20C
Ian77,Y9R22RQ2
Sosaa,LLJQJLPRJ
Rainbow,VR90898
Surgical Goblin,92L9R2JG
Ruben,LPRR9P
Wallace,YJPPGL00
DaJuicyOne,2VJQVPVR
Hazard,8LC88VLG
DiegoB,2YGQVGQ9
Friend,CVR2G2LCJ
小镇的大宝贝～风风❤️,CU8VGGJQG
joeyblaze2,9UQVUJQ8
growwiser,28CUQ8UVP
Nike|Ak-47,92RPQL08J
sub,U890Q9UQ
ABASS,RVP2VJVC
